{
    "0": {
        "pa": 0,
        "po": false,
        "x1": 1.1176470588235292,
        "x2": 0.0196078431372549,
        "y1": 18.980392156862745,
        "y2": 18.901960784313726,
        "z1": 79.2,
        "z2": 96.00000000000001
    },
    "1": {
        "pa": 0,
        "po": false,
        "x1": 0.0196078431372549,
        "x2": -4.333333333333333,
        "y1": 18.901960784313726,
        "y2": 16.352941176470587,
        "z1": 96.00000000000001,
        "z2": 0.0
    },
    "2": {
        "pa": 0,
        "po": false,
        "x1": -4.333333333333333,
        "x2": -4.333333333333333,
        "y1": 16.352941176470587,
        "y2": 11.843137254901961,
        "z1": 0.0,
        "z2": 0.0
    },
    "3": {
        "pa": 0,
        "po": false,
        "x1": -4.333333333333333,
        "x2": -3.1960784313725488,
        "y1": 11.843137254901961,
        "y2": 11.80392156862745,
        "z1": 0.0,
        "z2": 0.0
    },
    "4": {
        "pa": 0,
        "po": false,
        "x1": -3.1960784313725488,
        "x2": -3.3529411764705883,
        "y1": 11.80392156862745,
        "y2": 13.80392156862745,
        "z1": 0.0,
        "z2": 0.0
    },
    "5": {
        "pa": 0,
        "po": false,
        "x1": -3.3529411764705883,
        "x2": -1.2745098039215685,
        "y1": 13.80392156862745,
        "y2": 13.76470588235294,
        "z1": 0.0,
        "z2": 0.0
    },
    "6": {
        "pa": 0,
        "po": false,
        "x1": -1.2745098039215685,
        "x2": -1.3137254901960782,
        "y1": 13.76470588235294,
        "y2": 11.80392156862745,
        "z1": 0.0,
        "z2": 0.0
    },
    "7": {
        "pa": 0,
        "po": false,
        "x1": -1.3137254901960782,
        "x2": -0.09803921568627451,
        "y1": 11.80392156862745,
        "y2": 11.80392156862745,
        "z1": 0.0,
        "z2": 0.0
    },
    "8": {
        "pa": 0,
        "po": false,
        "x1": -0.09803921568627451,
        "x2": -0.09803921568627451,
        "y1": 11.80392156862745,
        "y2": 16.509803921568626,
        "z1": 0.0,
        "z2": 0.0
    },
    "9": {
        "pa": 0,
        "po": false,
        "x1": -0.09803921568627451,
        "x2": -1.4313725490196079,
        "y1": 16.509803921568626,
        "y2": 16.470588235294116,
        "z1": 0.0,
        "z2": 0.0
    },
    "10": {
        "pa": 0,
        "po": false,
        "x1": -1.4313725490196079,
        "x2": -1.4705882352941175,
        "y1": 16.470588235294116,
        "y2": 14.941176470588234,
        "z1": 0.0,
        "z2": 0.0
    },
    "11": {
        "pa": 0,
        "po": false,
        "x1": -1.4705882352941175,
        "x2": -3.1176470588235294,
        "y1": 14.941176470588234,
        "y2": 14.901960784313724,
        "z1": 0.0,
        "z2": 0.0
    },
    "12": {
        "pa": 0,
        "po": false,
        "x1": -3.1176470588235294,
        "x2": -3.0784313725490193,
        "y1": 14.901960784313724,
        "y2": 16.666666666666664,
        "z1": 0.0,
        "z2": 0.0
    },
    "13": {
        "pa": 0,
        "po": false,
        "x1": -3.0784313725490193,
        "x2": -4.372549019607843,
        "y1": 16.666666666666664,
        "y2": 16.352941176470587,
        "z1": 0.0,
        "z2": 0.0
    },
    "14": {
        "pa": 0,
        "po": false,
        "x1": -4.372549019607843,
        "x2": -4.254901960784313,
        "y1": 16.352941176470587,
        "y2": 16.431372549019606,
        "z1": 0.0,
        "z2": 22.799999999999997
    },
    "15": {
        "pa": 0,
        "po": false,
        "x1": -4.254901960784313,
        "x2": -7.784313725490196,
        "y1": 16.431372549019606,
        "y2": 16.19607843137255,
        "z1": 22.799999999999997,
        "z2": 15.600000000000007
    },
    "16": {
        "pa": 0,
        "po": false,
        "x1": -7.784313725490196,
        "x2": -7.784313725490196,
        "y1": 16.19607843137255,
        "y2": 16.19607843137255,
        "z1": 15.600000000000007,
        "z2": 38.400000000000006
    },
    "17": {
        "pa": 0,
        "po": false,
        "x1": -7.784313725490196,
        "x2": -7.627450980392156,
        "y1": 16.19607843137255,
        "y2": 9.921568627450979,
        "z1": 38.400000000000006,
        "z2": 37.2
    },
    "18": {
        "pa": 0,
        "po": false,
        "x1": -7.627450980392156,
        "x2": -7.627450980392156,
        "y1": 9.921568627450979,
        "y2": 9.921568627450979,
        "z1": 37.2,
        "z2": 14.399999999999999
    },
    "19": {
        "pa": 0,
        "po": false,
        "x1": -7.627450980392156,
        "x2": 3.6274509803921564,
        "y1": 9.921568627450979,
        "y2": 13.058823529411764,
        "z1": 14.399999999999999,
        "z2": 39.6
    },
    "20": {
        "pa": 0,
        "po": false,
        "x1": 3.6274509803921564,
        "x2": 3.6274509803921564,
        "y1": 13.058823529411764,
        "y2": 13.058823529411764,
        "z1": 39.6,
        "z2": 14.400000000000004
    },
    "21": {
        "pa": 0,
        "po": false,
        "x1": 3.6274509803921564,
        "x2": 3.6274509803921564,
        "y1": 13.058823529411764,
        "y2": 12.901960784313724,
        "z1": 14.400000000000004,
        "z2": 39.6
    },
    "22": {
        "pa": 0,
        "po": false,
        "x1": 3.6274509803921564,
        "x2": 3.1960784313725488,
        "y1": 12.901960784313724,
        "y2": 16.705882352941174,
        "z1": 39.6,
        "z2": 33.599999999999994
    },
    "23": {
        "pa": 0,
        "po": false,
        "x1": 3.1960784313725488,
        "x2": 3.1960784313725488,
        "y1": 16.705882352941174,
        "y2": 16.705882352941174,
        "z1": 33.599999999999994,
        "z2": 9.599999999999994
    },
    "24": {
        "pa": 0,
        "po": false,
        "x1": 3.1960784313725488,
        "x2": 3.1960784313725488,
        "y1": 16.705882352941174,
        "y2": 16.705882352941174,
        "z1": 9.599999999999994,
        "z2": 45.599999999999994
    },
    "25": {
        "pa": 0,
        "po": false,
        "x1": 3.1960784313725488,
        "x2": 0.49019607843137253,
        "y1": 16.705882352941174,
        "y2": 19.176470588235293,
        "z1": 45.599999999999994,
        "z2": 45.599999999999994
    }
}