{"0": {"x2": -7.305837563451777, "y2": 13.500000000000002, "y1": 20.0, "pa": 0, "x1": 0.0, "z1": 0.0, "z2": 10.5, "po": false}, "1": {"x2": -3.640862944162437, "y2": 15.814720812182745, "y1": 13.500000000000002, "pa": 0, "x1": -7.305837563451777, "z1": 10.5, "z2": 42.5, "po": false}, "2": {"x2": -8.27030456852792, "y2": 12.535532994923862, "y1": 15.814720812182745, "pa": 0, "x1": -3.640862944162437, "z1": 42.5, "z2": 76.0, "po": false}, "3": {"x2": -12.658629441624367, "y2": 8.725888324873099, "y1": 12.535532994923862, "pa": 0, "x1": -8.27030456852792, "z1": 76.0, "z2": 82.0, "po": false}, "4": {"x2": -12.899746192893403, "y2": 8.581218274111677, "y1": 8.725888324873099, "pa": 0, "x1": -12.658629441624367, "z1": 82.0, "z2": 82.0, "po": true}, "5": {"x2": -12.851522842639595, "y2": 8.822335025380713, "y1": 8.581218274111677, "pa": 0, "x1": -12.899746192893403, "z1": 82.0, "z2": 82.0, "po": true}, "6": {"x2": -14.008883248730966, "y2": 8.581218274111677, "y1": 8.822335025380713, "pa": 0, "x1": -12.851522842639595, "z1": 82.0, "z2": 82.0, "po": true}, "7": {"x2": -13.815989847715738, "y2": 8.918781725888326, "y1": 8.581218274111677, "pa": 0, "x1": -14.008883248730966, "z1": 82.0, "z2": 61.0, "po": true}, "8": {"x2": -13.815989847715738, "y2": 8.918781725888326, "y1": 8.918781725888326, "pa": 0, "x1": -13.815989847715738, "z1": 61.0, "z2": 55.0, "po": true}, "9": {"x2": -13.815989847715738, "y2": 8.918781725888326, "y1": 8.918781725888326, "pa": 0, "x1": -13.815989847715738, "z1": 55.0, "z2": 55.0, "po": false}, "10": {"x2": -13.815989847715738, "y2": 8.918781725888326, "y1": 8.918781725888326, "pa": 0, "x1": -13.815989847715738, "z1": 55.0, "z2": 79.5, "po": false}, "11": {"x2": 6.244923857868021, "y2": 13.74111675126904, "y1": 8.918781725888326, "pa": 0, "x1": -13.815989847715738, "z1": 79.5, "z2": 37.0, "po": false}, "12": {"x2": 6.244923857868021, "y2": 13.74111675126904, "y1": 13.74111675126904, "pa": 0, "x1": 6.244923857868021, "z1": 37.0, "z2": 30.0, "po": false}, "13": {"x2": 6.196700507614214, "y2": 13.789340101522846, "y1": 13.74111675126904, "pa": 0, "x1": 6.244923857868021, "z1": 30.0, "z2": 18.5, "po": false}, "14": {"x2": 6.196700507614214, "y2": 13.789340101522846, "y1": 13.789340101522846, "pa": 0, "x1": 6.196700507614214, "z1": 18.5, "z2": 7.0, "po": false}, "15": {"x2": 6.196700507614214, "y2": 13.88578680203046, "y1": 13.789340101522846, "pa": 0, "x1": 6.196700507614214, "z1": 7.0, "z2": 1.0, "po": false}, "16": {"x2": 6.196700507614214, "y2": 13.837563451776653, "y1": 13.88578680203046, "pa": 0, "x1": 6.196700507614214, "z1": 1.0, "z2": 1.0, "po": true}, "17": {"x2": 6.148477157360407, "y2": 13.789340101522846, "y1": 13.837563451776653, "pa": 0, "x1": 6.196700507614214, "z1": 1.0, "z2": 46.5, "po": true}, "18": {"x2": 6.003807106598986, "y2": 13.74111675126904, "y1": 13.789340101522846, "pa": 0, "x1": 6.148477157360407, "z1": 46.5, "z2": 60.0, "po": true}, "19": {"x2": -13.912436548223353, "y2": 8.87055837563452, "y1": 13.74111675126904, "pa": 0, "x1": 6.003807106598986, "z1": 60.0, "z2": 60.0, "po": true}, "20": {"x2": -13.912436548223353, "y2": 8.87055837563452, "y1": 8.87055837563452, "pa": 0, "x1": -13.912436548223353, "z1": 60.0, "z2": 43.5, "po": true}, "21": {"x2": -13.912436548223353, "y2": 8.87055837563452, "y1": 8.87055837563452, "pa": 0, "x1": -13.912436548223353, "z1": 43.5, "z2": 35.5, "po": true}, "22": {"x2": -13.912436548223353, "y2": 8.87055837563452, "y1": 8.87055837563452, "pa": 0, "x1": -13.912436548223353, "z1": 35.5, "z2": 33.5, "po": true}, "23": {"x2": -13.912436548223353, "y2": 8.87055837563452, "y1": 8.87055837563452, "pa": 0, "x1": -13.912436548223353, "z1": 33.5, "z2": 33.5, "po": false}, "24": {"x2": -13.912436548223353, "y2": 8.87055837563452, "y1": 8.87055837563452, "pa": 0, "x1": -13.912436548223353, "z1": 33.5, "z2": 46.5, "po": false}, "25": {"x2": 6.148477157360407, "y2": 13.88578680203046, "y1": 8.87055837563452, "pa": 0, "x1": -13.912436548223353, "z1": 46.5, "z2": 46.5, "po": false}, "26": {"x2": 6.148477157360407, "y2": 13.837563451776653, "y1": 13.88578680203046, "pa": 0, "x1": 6.148477157360407, "z1": 46.5, "z2": 34.5, "po": false}, "27": {"x2": 6.148477157360407, "y2": 13.837563451776653, "y1": 13.837563451776653, "pa": 0, "x1": 6.148477157360407, "z1": 34.5, "z2": 33.0, "po": false}, "28": {"x2": 6.148477157360407, "y2": 13.789340101522846, "y1": 13.837563451776653, "pa": 0, "x1": 6.148477157360407, "z1": 33.0, "z2": 31.5, "po": false}, "29": {"x2": 6.148477157360407, "y2": 13.789340101522846, "y1": 13.789340101522846, "pa": 0, "x1": 6.148477157360407, "z1": 31.5, "z2": 31.5, "po": true}, "30": {"x2": 6.148477157360407, "y2": 13.837563451776653, "y1": 13.789340101522846, "pa": 0, "x1": 6.148477157360407, "z1": 31.5, "z2": 66.5, "po": true}, "31": {"x2": -13.815989847715738, "y2": 8.774111675126905, "y1": 13.837563451776653, "pa": 0, "x1": 6.148477157360407, "z1": 66.5, "z2": 66.5, "po": true}, "32": {"x2": -13.864213197969544, "y2": 8.774111675126905, "y1": 8.774111675126905, "pa": 0, "x1": -13.815989847715738, "z1": 66.5, "z2": 52.5, "po": true}, "33": {"x2": -13.912436548223353, "y2": 8.822335025380713, "y1": 8.774111675126905, "pa": 0, "x1": -13.864213197969544, "z1": 52.5, "z2": 39.0, "po": true}, "34": {"x2": -13.912436548223353, "y2": 8.822335025380713, "y1": 8.822335025380713, "pa": 0, "x1": -13.912436548223353, "z1": 39.0, "z2": 26.5, "po": true}, "35": {"x2": -13.767766497461931, "y2": 8.918781725888326, "y1": 8.822335025380713, "pa": 0, "x1": -13.912436548223353, "z1": 26.5, "z2": 19.5, "po": true}, "36": {"x2": -13.767766497461931, "y2": 8.918781725888326, "y1": 8.918781725888326, "pa": 0, "x1": -13.767766497461931, "z1": 19.5, "z2": 11.5, "po": true}, "37": {"x2": -13.767766497461931, "y2": 8.918781725888326, "y1": 8.918781725888326, "pa": 0, "x1": -13.767766497461931, "z1": 11.5, "z2": 8.5, "po": true}, "38": {"x2": -13.767766497461931, "y2": 8.918781725888326, "y1": 8.918781725888326, "pa": 0, "x1": -13.767766497461931, "z1": 8.5, "z2": 8.5, "po": false}, "39": {"x2": -13.767766497461931, "y2": 9.20812182741117, "y1": 8.918781725888326, "pa": 0, "x1": -13.767766497461931, "z1": 8.5, "z2": 41.5, "po": false}, "40": {"x2": -1.519035532994924, "y2": 13.982233502538074, "y1": 9.20812182741117, "pa": 0, "x1": -13.767766497461931, "z1": 41.5, "z2": 70.5, "po": false}, "41": {"x2": 6.196700507614214, "y2": 13.837563451776653, "y1": 13.982233502538074, "pa": 0, "x1": -1.519035532994924, "z1": 70.5, "z2": 70.5, "po": false}, "42": {"x2": 6.1002538071066, "y2": 13.837563451776653, "y1": 13.837563451776653, "pa": 0, "x1": 6.196700507614214, "z1": 70.5, "z2": 62.5, "po": false}, "43": {"x2": 6.1002538071066, "y2": 13.837563451776653, "y1": 13.837563451776653, "pa": 0, "x1": 6.1002538071066, "z1": 62.5, "z2": 59.5, "po": false}, "44": {"x2": 6.1002538071066, "y2": 13.837563451776653, "y1": 13.837563451776653, "pa": 0, "x1": 6.1002538071066, "z1": 59.5, "z2": 59.5, "po": true}, "45": {"x2": 6.148477157360407, "y2": 13.837563451776653, "y1": 13.837563451776653, "pa": 0, "x1": 6.1002538071066, "z1": 59.5, "z2": 77.5, "po": true}, "46": {"x2": -13.140862944162437, "y2": 10.606598984771574, "y1": 13.837563451776653, "pa": 0, "x1": 6.148477157360407, "z1": 77.5, "z2": 77.5, "po": true}, "47": {"x2": -13.140862944162437, "y2": 10.606598984771574, "y1": 10.606598984771574, "pa": 0, "x1": -13.140862944162437, "z1": 77.5, "z2": 77.5, "po": false}}