{"0": {"x2": -8.433155080213902, "y2": 11.891265597147946, "y1": 7.352941176470585, "pa": 70, "x1": -12.29411764705882, "z1": 24.0, "z2": 24.0, "po": true}, "1": {"x2": 9.99108734402852, "y2": 9.994652406417108, "y1": 11.891265597147946, "pa": 70, "x1": -8.433155080213902, "z1": 24.0, "z2": 11.5, "po": true}, "2": {"x2": 9.99108734402852, "y2": 9.994652406417108, "y1": 9.994652406417108, "pa": 70, "x1": 9.99108734402852, "z1": 11.5, "z2": 11.5, "po": false}, "3": {"x2": 9.99108734402852, "y2": 9.994652406417108, "y1": 9.994652406417108, "pa": 70, "x1": 9.99108734402852, "z1": 11.5, "z2": 11.5, "po": false}, "4": {"x2": 9.99108734402852, "y2": 9.994652406417108, "y1": 9.994652406417108, "pa": 70, "x1": 9.99108734402852, "z1": 11.5, "z2": 0.0, "po": true}, "5": {"x2": 9.923351158645275, "y2": 9.723707664884133, "y1": 9.994652406417108, "pa": 70, "x1": 9.99108734402852, "z1": 0.0, "z2": 0.0, "po": true}, "6": {"x2": 9.923351158645275, "y2": 9.723707664884133, "y1": 9.723707664884133, "pa": 70, "x1": 9.923351158645275, "z1": 0.0, "z2": 0.0, "po": false}, "7": {"x2": -10.194295900178252, "y2": 9.994652406417108, "y1": 9.723707664884133, "pa": 70, "x1": 9.923351158645275, "z1": 0.0, "z2": 24.5, "po": false}, "8": {"x2": -10.194295900178252, "y2": 9.994652406417108, "y1": 9.994652406417108, "pa": 70, "x1": -10.194295900178252, "z1": 24.5, "z2": 0.0, "po": false}, "9": {"x2": -10.194295900178252, "y2": 9.994652406417108, "y1": 9.994652406417108, "pa": 70, "x1": -10.194295900178252, "z1": 0.0, "z2": 0.0, "po": true}, "10": {"x2": -10.058823529411764, "y2": 10.062388591800355, "y1": 9.994652406417108, "pa": 70, "x1": -10.194295900178252, "z1": 0.0, "z2": 38.5, "po": true}, "11": {"x2": 10.058823529411764, "y2": 15.074866310160424, "y1": 10.062388591800355, "pa": 70, "x1": -10.058823529411764, "z1": 38.5, "z2": 38.5, "po": true}, "12": {"x2": 10.058823529411764, "y2": 15.074866310160424, "y1": 15.074866310160424, "pa": 70, "x1": 10.058823529411764, "z1": 38.5, "z2": 0.0, "po": true}, "13": {"x2": 10.058823529411764, "y2": 15.074866310160424, "y1": 15.074866310160424, "pa": 70, "x1": 10.058823529411764, "z1": 0.0, "z2": 0.0, "po": false}, "14": {"x2": 9.923351158645275, "y2": 15.074866310160424, "y1": 15.074866310160424, "pa": 70, "x1": 10.058823529411764, "z1": 0.0, "z2": 33.0, "po": false}, "15": {"x2": -10.194295900178252, "y2": 10.130124777183598, "y1": 15.074866310160424, "pa": 70, "x1": 9.923351158645275, "z1": 33.0, "z2": 33.0, "po": false}, "16": {"x2": -10.194295900178252, "y2": 10.130124777183598, "y1": 10.130124777183598, "pa": 70, "x1": -10.194295900178252, "z1": 33.0, "z2": 12.5, "po": false}, "17": {"x2": -10.194295900178252, "y2": 10.130124777183598, "y1": 10.130124777183598, "pa": 70, "x1": -10.194295900178252, "z1": 12.5, "z2": 12.5, "po": true}, "18": {"x2": -10.126559714795007, "y2": 10.130124777183598, "y1": 10.130124777183598, "pa": 70, "x1": -10.194295900178252, "z1": 12.5, "z2": 55.5, "po": true}, "19": {"x2": -0.0338680926916221, "y2": 14.939393939393938, "y1": 10.130124777183598, "pa": 70, "x1": -10.126559714795007, "z1": 55.5, "z2": 55.5, "po": false}}