{"0": {"y2": 11.891265597147946, "po": true, "y1": 4.982174688057039, "pa": 70, "x2": -8.433155080213902, "x1": -16.01960784313725, "z1": 24.0, "z2": 24.0}, "1": {"y2": 9.994652406417108, "po": true, "y1": 11.891265597147946, "pa": 70, "x2": 9.99108734402852, "x1": -8.433155080213902, "z1": 24.0, "z2": 11.5}, "2": {"y2": 9.994652406417108, "po": false, "y1": 9.994652406417108, "pa": 70, "x2": 9.99108734402852, "x1": 9.99108734402852, "z1": 11.5, "z2": 11.5}, "3": {"y2": 9.994652406417108, "po": false, "y1": 9.994652406417108, "pa": 70, "x2": 9.99108734402852, "x1": 9.99108734402852, "z1": 11.5, "z2": 11.5}, "4": {"y2": 9.994652406417108, "po": true, "y1": 9.994652406417108, "pa": 70, "x2": 9.99108734402852, "x1": 9.99108734402852, "z1": 11.5, "z2": 0.0}, "5": {"y2": 9.723707664884133, "po": true, "y1": 9.994652406417108, "pa": 70, "x2": 9.923351158645275, "x1": 9.99108734402852, "z1": 0.0, "z2": 0.0}, "6": {"y2": 9.723707664884133, "po": false, "y1": 9.723707664884133, "pa": 70, "x2": 9.923351158645275, "x1": 9.923351158645275, "z1": 0.0, "z2": 0.0}, "7": {"y2": 9.994652406417108, "po": false, "y1": 9.723707664884133, "pa": 70, "x2": -10.194295900178252, "x1": 9.923351158645275, "z1": 0.0, "z2": 24.5}, "8": {"y2": 9.994652406417108, "po": false, "y1": 9.994652406417108, "pa": 70, "x2": -10.194295900178252, "x1": -10.194295900178252, "z1": 24.5, "z2": 0.0}, "9": {"y2": 9.994652406417108, "po": true, "y1": 9.994652406417108, "pa": 70, "x2": -10.194295900178252, "x1": -10.194295900178252, "z1": 0.0, "z2": 0.0}, "10": {"y2": 10.062388591800355, "po": true, "y1": 9.994652406417108, "pa": 70, "x2": -10.058823529411764, "x1": -10.194295900178252, "z1": 0.0, "z2": 38.5}, "11": {"y2": 15.074866310160424, "po": true, "y1": 10.062388591800355, "pa": 70, "x2": 10.058823529411764, "x1": -10.058823529411764, "z1": 38.5, "z2": 38.5}, "12": {"y2": 15.074866310160424, "po": true, "y1": 15.074866310160424, "pa": 70, "x2": 10.058823529411764, "x1": 10.058823529411764, "z1": 38.5, "z2": 0.0}, "13": {"y2": 15.074866310160424, "po": false, "y1": 15.074866310160424, "pa": 70, "x2": 10.058823529411764, "x1": 10.058823529411764, "z1": 0.0, "z2": 0.0}, "14": {"y2": 15.074866310160424, "po": false, "y1": 15.074866310160424, "pa": 70, "x2": 9.923351158645275, "x1": 10.058823529411764, "z1": 0.0, "z2": 33.0}, "15": {"y2": 10.130124777183598, "po": false, "y1": 15.074866310160424, "pa": 70, "x2": -10.194295900178252, "x1": 9.923351158645275, "z1": 33.0, "z2": 33.0}, "16": {"y2": 10.67201426024955, "po": false, "y1": 10.130124777183598, "pa": 70, "x2": -16.29055258467023, "x1": -10.194295900178252, "z1": 33.0, "z2": 12.5}, "17": {"y2": 8.23351158645276, "po": true, "y1": 10.67201426024955, "pa": 70, "x2": -10.262032085561497, "x1": -16.29055258467023, "z1": 12.5, "z2": 12.5}, "18": {"y2": 14.736185383244205, "po": true, "y1": 8.23351158645276, "pa": 70, "x2": -8.70409982174688, "x1": -10.262032085561497, "z1": 12.5, "z2": 55.5}, "19": {"y2": 14.939393939393938, "po": false, "y1": 14.736185383244205, "pa": 70, "x2": -0.0338680926916221, "x1": -8.70409982174688, "z1": 55.5, "z2": 55.5}}